name,SIS_ID,COURSE_SIS_Id
 01,AFS_102_ 01,AFS_102
 02,AFS_102_ 02,AFS_102
 01,AFS_330_ 01,AFS_330
 01,AFS_391_ 01,AFS_391
 01,AFS_400_ 01,AFS_400
 01,AFS_496_ 01,AFS_496
 01,AGS_201_ 01,AGS_201
 01,AGS_491_ 01,AGS_491
 01,AMS_255_ 01,AMS_255
 01,AMS_496_ 01,AMS_496
 01,A&S_102_ 01,A&S_102
 02,A&S_102_ 02,A&S_102
 03,A&S_102_ 03,A&S_102
 01,A&S_103_ 01,A&S_103
 02,A&S_103_ 02,A&S_103
 01,A&S_201_ 01,A&S_201
 02,A&S_201_ 02,A&S_201
 01,A&S_204_ 01,A&S_204
 01,A&S_220_ 01,A&S_220
 01,A&S_222_ 01,A&S_222
 01,A&S_228_ 01,A&S_228
 01,A&S_229_ 01,A&S_229
 01,A&S_231_ 01,A&S_231
 01,A&S_235_ 01,A&S_235
 01,A&S_239_ 01,A&S_239
 01,A&S_247_ 01,A&S_247
 01,A&S_260_ 01,A&S_260
 01,A&S_271_ 01,A&S_271
 01,A&S_345_ 01,A&S_345
 01,A&S_391_ 01,A&S_391
 01,A&S_496_ 01,A&S_496
 01,ART_102_ 01,ART_102
 02,ART_102_ 02,ART_102
 03,ART_102_ 03,ART_102
 01,ART_107_ 01,ART_107
 01,ART_109_ 01,ART_109
 02,ART_109_ 02,ART_109
 01,ART_114_ 01,ART_114
 01,ART_120_ 01,ART_120
 01,ART_155_ 01,ART_155
 02,ART_155_ 02,ART_155
 01,ART_175_ 01,ART_175
 01,ART_206_ 01,ART_206
 01,ART_209_ 01,ART_209
 01,ART_212_ 01,ART_212
 01,ART_218_ 01,ART_218
 01,ART_235_ 01,ART_235
 01,ART_241_ 01,ART_241
 01,ART_275_ 01,ART_275
 01,ART_340_ 01,ART_340
01,ART_391_01,ART_391
01,ART_393_01,ART_393
01,ART_496_01,ART_496
01,ART_498_01,ART_498
 01,ASIA_101_ 01,ASIA_101
 01,ASIA_270_ 01,ASIA_270
 01,ASIA_490_ 01,ASIA_490
 01,ASIA_496_ 01,ASIA_496
 01,BIOL_102_ 01,BIOL_102
 02,BIOL_102_ 02,BIOL_102
 01,BIOL_102L_ 01,BIOL_102L
 02,BIOL_102L_ 02,BIOL_102L
 03,BIOL_102L_ 03,BIOL_102L
 04,BIOL_102L_ 04,BIOL_102L
 05,BIOL_102L_ 05,BIOL_102L
 06,BIOL_102L_ 06,BIOL_102L
 07,BIOL_102L_ 07,BIOL_102L
 01,BIOL_214_ 01,BIOL_214
 01,BIOL_214L_ 01,BIOL_214L
 02,BIOL_214L_ 02,BIOL_214L
 01,BIOL_224_ 01,BIOL_224
 01,BIOL_225_ 01,BIOL_225
 01,BIOL_225L_ 01,BIOL_225L
 02,BIOL_225L_ 02,BIOL_225L
 01,BIOL_235_ 01,BIOL_235
 01,BIOL_235L_ 01,BIOL_235L
 02,BIOL_235L_ 02,BIOL_235L
 01,BIOL_255_ 01,BIOL_255
 01,BIOL_255L_ 01,BIOL_255L
 02,BIOL_255L_ 02,BIOL_255L
 01,BIOL_275_ 01,BIOL_275
 01,BIOL_275L_ 01,BIOL_275L
 02,BIOL_275L_ 02,BIOL_275L
 01,BIOL_277_ 01,BIOL_277
 01,BIOL_277L_ 01,BIOL_277L
 02,BIOL_277L_ 02,BIOL_277L
01,BIOL_310_01,BIOL_310
 01,BIOL_317_ 01,BIOL_317
 01,BIOL_341_ 01,BIOL_341
 01,BIOL_350_ 01,BIOL_350
 01,BIOL_358_ 01,BIOL_358
 01,BIOL_402_ 01,BIOL_402
 01,BIOL_496_ 01,BIOL_496
 01,CHE_211_ 01,CHE_211
 01,CHE_222_ 01,CHE_222
 01,CHE_321_ 01,CHE_321
 02,CHE_321_ 02,CHE_321
 01,CHE_322_ 01,CHE_322
 02,CHE_322_ 02,CHE_322
 03,CHE_322_ 03,CHE_322
 04,CHE_322_ 04,CHE_322
 01,CHE_324_ 01,CHE_324
 02,CHE_324_ 02,CHE_324
 01,CHE_360_ 01,CHE_360
 02,CHE_360_ 02,CHE_360
 01,CHE_370_ 01,CHE_370
 01,CHE_391_ 01,CHE_391
 01,CHE_393_ 01,CHE_393
 01,CHE_411_ 01,CHE_411
 02,CHE_411_ 02,CHE_411
 01,CHE_422_ 01,CHE_422
 02,CHE_422_ 02,CHE_422
 03,CHE_422_ 03,CHE_422
 01,CHE_496_ 01,CHE_496
 01,CHEM_122_ 01,CHEM_122
 02,CHEM_122_ 02,CHEM_122
 03,CHEM_122_ 03,CHEM_122
 04,CHEM_122_ 04,CHEM_122
 05,CHEM_122_ 05,CHEM_122
 01,CHEM_122L_ 01,CHEM_122L
 02,CHEM_122L_ 02,CHEM_122L
 03,CHEM_122L_ 03,CHEM_122L
 04,CHEM_122L_ 04,CHEM_122L
 05,CHEM_122L_ 05,CHEM_122L
 06,CHEM_122L_ 06,CHEM_122L
 07,CHEM_122L_ 07,CHEM_122L
 08,CHEM_122L_ 08,CHEM_122L
 01,CHEM_212_ 01,CHEM_212
 01,CHEM_213_ 01,CHEM_213
 01,CHEM_213L_ 01,CHEM_213L
 01,CHEM_222_ 01,CHEM_222
 02,CHEM_222_ 02,CHEM_222
 03,CHEM_222_ 03,CHEM_222
 04,CHEM_222_ 04,CHEM_222
 01,CHEM_222L_ 01,CHEM_222L
 02,CHEM_222L_ 02,CHEM_222L
 03,CHEM_222L_ 03,CHEM_222L
 04,CHEM_222L_ 04,CHEM_222L
 05,CHEM_222L_ 05,CHEM_222L
 06,CHEM_222L_ 06,CHEM_222L
 01,CHEM_311_ 01,CHEM_311
 01,CHEM_324_ 01,CHEM_324
 01,CHEM_326_ 01,CHEM_326
 01,CHEM_326L_ 01,CHEM_326L
 01,CHEM_332_ 01,CHEM_332
 01,CHEM_332L_ 01,CHEM_332L
 02,CHEM_332L_ 02,CHEM_332L
 01,CHEM_351_ 01,CHEM_351
 01,CHEM_352_ 01,CHEM_352
 01,CHEM_352L_ 01,CHEM_352L
 01,CHEM_390_ 01,CHEM_390
 01,CHEM_391_ 01,CHEM_391
 01,CHEM_392_ 01,CHEM_392
 01,CHEM_394_ 01,CHEM_394
 01,CHEM_452_ 01,CHEM_452
 01,CHEM_474_ 01,CHEM_474
 01,CHEM_496_ 01,CHEM_496
 01,CHN_102_ 01,CHN_102
 01,CHN_112_ 01,CHN_112
 01,CHN_212_ 01,CHN_212
 01,CHN_312_ 01,CHN_312
 01,CE_201_ 01,CE_201
 01,CE_203_ 01,CE_203
 02,CE_203_ 02,CE_203
 03,CE_203_ 03,CE_203
 01,CE_341_ 01,CE_341
 01,CE_341L_ 01,CE_341L
 02,CE_341L_ 02,CE_341L
 01,CE_351_ 01,CE_351
 02,CE_351L_ 02,CE_351L
 03,CE_351L_ 03,CE_351L
01,CE_392_01,CE_392
 01,CE_413_ 01,CE_413
 01,CE_422_ 01,CE_422
 01,CE_473_ 01,CE_473
 02,CE_473_ 02,CE_473
 01,CE_496_ 01,CE_496
 01,CLSS_230_ 01,CLSS_230
 01,CLSS_320_ 01,CLSS_320
 01,CLSS_375_ 01,CLSS_375
 01,CLSS_460_ 01,CLSS_460
 01,CL_162_ 01,CL_162
 01,CL_163_ 01,CL_163
 01,CM_261_ 01,CM_261
 01,CS_105_ 01,CS_105
 02,CS_105_ 02,CS_105
 01,CS_105L_ 01,CS_105L
 02,CS_105L_ 02,CS_105L
 03,CS_105L_ 03,CS_105L
 01,CS_150_ 01,CS_150
 02,CS_150_ 02,CS_150
 03,CS_150_ 03,CS_150
 01,CS_150L_ 01,CS_150L
 02,CS_150L_ 02,CS_150L
 03,CS_150L_ 03,CS_150L
 01,CS_200_ 01,CS_200
 02,CS_200_ 02,CS_200
 01,CS_205_ 01,CS_205
 02,CS_205_ 02,CS_205
 01,CS_205L_ 01,CS_205L
 02,CS_205L_ 02,CS_205L
 03,CS_205L_ 03,CS_205L
 01,CS_303_ 01,CS_303
 02,CS_303_ 02,CS_303
 01,CS_305_ 01,CS_305
 01,CS_391_ 01,CS_391
 01,CS_470_ 01,CS_470
 01,CS_496_ 01,CS_496
 01,DOC_250_ 01,DOC_250
01,DOC_480_01,DOC_480
 01,ECON_101_ 01,ECON_101
 02,ECON_101_ 02,ECON_101
 03,ECON_101_ 03,ECON_101
 04,ECON_101_ 04,ECON_101
 05,ECON_101_ 05,ECON_101
 06,ECON_101_ 06,ECON_101
 01,ECON_218_ 01,ECON_218
 02,ECON_218_ 02,ECON_218
 03,ECON_218_ 03,ECON_218
 01,ECON_246_ 01,ECON_246
 01B,ECON_246_ 01B,ECON_246
 01,ECON_251_ 01,ECON_251
 02,ECON_251_ 02,ECON_251
 03,ECON_251_ 03,ECON_251
 01,ECON_252_ 01,ECON_252
 02,ECON_252_ 02,ECON_252
 03,ECON_252_ 03,ECON_252
 01,ECON_253_ 01,ECON_253
 02,ECON_253_ 02,ECON_253
 03,ECON_253_ 03,ECON_253
 01,ECON_255_ 01,ECON_255
 01,ECON_300_ 01,ECON_300
 01,ECON_319_ 01,ECON_319
 02,ECON_319_ 02,ECON_319
 01,ECON_320_ 01,ECON_320
 02,ECON_320_ 02,ECON_320
 01,ECON_321_ 01,ECON_321
 01,ECON_323_ 01,ECON_323
 01,ECON_324_ 01,ECON_324
 01,ECON_325_ 01,ECON_325
 01,ECON_328_ 01,ECON_328
 01,ECON_339_ 01,ECON_339
 01,ECON_351_ 01,ECON_351
 01,ECON_354_ 01,ECON_354
 01,ECON_367_ 01,ECON_367
 01,ECON_371_ 01,ECON_371
 01,ECON_391_ 01,ECON_391
 01,ECON_496_ 01,ECON_496
 01,EDUC_150_ 01,EDUC_150
 01,EDUC_350_ 01,EDUC_350
 01,ECE_212_ 01,ECE_212
 01,ECE_212L_ 01,ECE_212L
 02,ECE_212L_ 02,ECE_212L
 01,ECE_221_ 01,ECE_221
 01,ECE_221L_ 01,ECE_221L
 02,ECE_221L_ 02,ECE_221L
 01,ECE_323_ 01,ECE_323
 01,ECE_323L_ 01,ECE_323L
 02,ECE_323L_ 02,ECE_323L
 01,ECE_332_ 01,ECE_332
 01,ECE_341_ 01,ECE_341
 01,ECE_341L_ 01,ECE_341L
 01,ECE_391_ 01,ECE_391
 01,ECE_425_ 01,ECE_425
 01,ECE_425L_ 01,ECE_425L
 01,ECE_492_ 01,ECE_492
 01,ECE_492L_ 01,ECE_492L
 02,ECE_492L_ 02,ECE_492L
 01,ECE_496_ 01,ECE_496
 01,ES_226_ 01,ES_226
 02,ES_226_ 02,ES_226
 03,ES_226_ 03,ES_226
 04,ES_226_ 04,ES_226
 05,ES_226_ 05,ES_226
 06,ES_226_ 06,ES_226
 01,ES_230_ 01,ES_230
 01,ES_231_ 01,ES_231
 02,ES_231_ 02,ES_231
 03,ES_231_ 03,ES_231
 04,ES_231_ 04,ES_231
 01,EGRS_152_ 01,EGRS_152
 01,EGRS_230_ 01,EGRS_230
 01,EGRS_261_ 01,EGRS_261
 01,EGRS_273_ 01,EGRS_273
 01,EGRS_281_ 01,EGRS_281
 01,EGRS_352_ 01,EGRS_352
 01,EGRS_391_ 01,EGRS_391
 01,EGRS_450_ 01,EGRS_450
 01,EGRS_480_ 01,EGRS_480
 02,EGRS_480_ 02,EGRS_480
 01,EGRS_482_ 01,EGRS_482
 01,EGRS_496_ 01,EGRS_496
 01,ENG_100_ 01,ENG_100
 02,ENG_100_ 02,ENG_100
 03,ENG_100_ 03,ENG_100
 01,ENG_118_ 01,ENG_118
 01,ENG_151_ 01,ENG_151
 01,ENG_174_ 01,ENG_174
 01,ENG_202_ 01,ENG_202
 02,ENG_202_ 02,ENG_202
 03,ENG_202_ 03,ENG_202
 04,ENG_202_ 04,ENG_202
 05,ENG_202_ 05,ENG_202
 01,ENG_205_ 01,ENG_205
 02,ENG_205_ 02,ENG_205
 01,ENG_206_ 01,ENG_206
 02,ENG_206_ 02,ENG_206
 01,ENG_231_ 01,ENG_231
 01,ENG_245_ 01,ENG_245
 01,ENG_250_ 01,ENG_250
 02,ENG_250_ 02,ENG_250
 01,ENG_256_ 01,ENG_256
 01,ENG_301_ 01,ENG_301
 01,ENG_304_ 01,ENG_304
 01,ENG_320_ 01,ENG_320
 01,ENG_327_ 01,ENG_327
 01,ENG_337_ 01,ENG_337
 01,ENG_361_ 01,ENG_361
 01,ENG_365_ 01,ENG_365
 01,ENG_369_ 01,ENG_369
 01,ENG_385_ 01,ENG_385
 01,ENG_391_ 01,ENG_391
 01,ENG_496_ 01,ENG_496
 01,ENVS_496_ 01,ENVS_496
 01,EVST_100_ 01,EVST_100
 01,EVST_215_ 01,EVST_215
01,EVST_220_01,EVST_220
 01,EVST_230_ 01,EVST_230
 01,EVST_290_ 01,EVST_290
 01,FAMS_101_ 01,FAMS_101
 01,FAMS_120_ 01,FAMS_120
 01,FAMS_201_ 01,FAMS_201
 01,FAMS_202_ 01,FAMS_202
 01,FAMS_220_ 01,FAMS_220
 01,FAMS_260_ 01,FAMS_260
01,FAMS_270_01,FAMS_270
02,FAMS_270_02,FAMS_270
 01,FAMS_279_ 01,FAMS_279
01,FAMS_285_01,FAMS_285
 01,FAMS_301_ 01,FAMS_301
 01,FAMS_345_ 01,FAMS_345
 01,FLL_102_ 01,FLL_102
 01,FREN_102_ 01,FREN_102
 02,FREN_102_ 02,FREN_102
 01,FREN_111_ 01,FREN_111
 01,FREN_112_ 01,FREN_112
 02,FREN_112_ 02,FREN_112
 01,FREN_322_ 01,FREN_322
 01,FREN_441_ 01,FREN_441
 01,FREN_460_ 01,FREN_460
 01,GEOL_110_ 01,GEOL_110
 01,GEOL_110L_ 01,GEOL_110L
 02,GEOL_110L_ 02,GEOL_110L
 03,GEOL_110L_ 03,GEOL_110L
 01,GEOL_130_ 01,GEOL_130
 01,GEOL_130L_ 01,GEOL_130L
 02,GEOL_130L_ 02,GEOL_130L
 03,GEOL_130L_ 03,GEOL_130L
 01,GEOL_195_ 01,GEOL_195
 01,GEOL_215_ 01,GEOL_215
 01,GEOL_215L_ 01,GEOL_215L
 01,GEOL_300_ 01,GEOL_300
 01,GEOL_300L_ 01,GEOL_300L
 01,GEOL_307_ 01,GEOL_307
 01,GEOL_307L_ 01,GEOL_307L
 01,GEOL_315_ 01,GEOL_315
 01,GEOL_315L_ 01,GEOL_315L
 01,GEOL_351_ 01,GEOL_351
 01,GEOL_357_ 01,GEOL_357
 01,GEOL_496_ 01,GEOL_496
 01,GERM_101_ 01,GERM_101
 01,GERM_102_ 01,GERM_102
 02,GERM_102_ 02,GERM_102
 01,GERM_111_ 01,GERM_111
 01,GERM_112_ 01,GERM_112
 01,GERM_212_ 01,GERM_212
01,GERM_322_01,GERM_322
 01,GERM_441_ 01,GERM_441
 01,GERM_460_ 01,GERM_460
 01,GERM_496_ 01,GERM_496
 01,GOVT_101_ 01,GOVT_101
 02,GOVT_101_ 02,GOVT_101
 03,GOVT_101_ 03,GOVT_101
 01,GOVT_102_ 01,GOVT_102
 02,GOVT_102_ 02,GOVT_102
 01,GOVT_104_ 01,GOVT_104
 01,GOVT_218_ 01,GOVT_218
 01,GOVT_220_ 01,GOVT_220
 01,GOVT_225_ 01,GOVT_225
 01,GOVT_238_ 01,GOVT_238
 01,GOVT_246_ 01,GOVT_246
 01,GOVT_271_ 01,GOVT_271
 01,GOVT_310_ 01,GOVT_310
 01,GOVT_313_ 01,GOVT_313
 01,GOVT_315_ 01,GOVT_315
 01,GOVT_320_ 01,GOVT_320
 01,GOVT_332_ 01,GOVT_332
 01,GOVT_334_ 01,GOVT_334
 01,GOVT_336_ 01,GOVT_336
 01,GOVT_380_ 01,GOVT_380
 01,GOVT_391_ 01,GOVT_391
 01,GOVT_410_ 01,GOVT_410
 01,GOVT_414_ 01,GOVT_414
 01,GOVT_416_ 01,GOVT_416
 01,GOVT_419_ 01,GOVT_419
 01,GOVT_495_ 01,GOVT_495
 01,GOVT_496_ 01,GOVT_496
 01,GRK_102_ 01,GRK_102
 01,HEBR_102_ 01,HEBR_102
 01,HIST_112_ 01,HIST_112
 01,HIST_113_ 01,HIST_113
 01,HIST_206_ 01,HIST_206
 01,HIST_212_ 01,HIST_212
 02,HIST_212_ 02,HIST_212
 01,HIST_215_ 01,HIST_215
 01,HIST_216_ 01,HIST_216
 01,HIST_226_ 01,HIST_226
 02,HIST_226_ 02,HIST_226
 01,HIST_228_ 01,HIST_228
 01,HIST_232_ 01,HIST_232
 01,HIST_236_ 01,HIST_236
 01,HIST_241_ 01,HIST_241
 01,HIST_245_ 01,HIST_245
 01,HIST_249_ 01,HIST_249
01,HIST_261_01,HIST_261
 01,HIST_265_ 01,HIST_265
 01,HIST_276_ 01,HIST_276
 01,HIST_291_ 01,HIST_291
 01,HIST_358_ 01,HIST_358
 01,HIST_371_ 01,HIST_371
 01,HIST_375_ 01,HIST_375
 01,HIST_496_ 01,HIST_496
 01,INDS_211_ 01,INDS_211
 01,INDS_271_ 01,INDS_271
 01,INDS_321_ 01,INDS_321
 01,INDS_322_ 01,INDS_322
 01,INDS_330_ 01,INDS_330
 01,IA_261_ 01,IA_261
 01,IA_310_ 01,IA_310
 01,IA_362_ 01,IA_362
 02,IA_362_ 02,IA_362
 03,IA_362_ 03,IA_362
 01,IA_496_ 01,IA_496
01,ITAL_102_01,ITAL_102
02,ITAL_102_02,ITAL_102
01,ITAL_112_01,ITAL_112
 01,JAPN_102_ 01,JAPN_102
 01,JAPN_112_ 01,JAPN_112
 01,JAPN_291_ 01,JAPN_291
 01,LAT_102_ 01,LAT_102
 01,MATH_110_ 01,MATH_110
 01,MATH_125_ 01,MATH_125
 01,MATH_141_ 01,MATH_141
 01,MATH_161_ 01,MATH_161
 01,MATH_162_ 01,MATH_162
 02,MATH_162_ 02,MATH_162
 03,MATH_162_ 03,MATH_162
 04,MATH_162_ 04,MATH_162
 05,MATH_162_ 05,MATH_162
 06,MATH_162_ 06,MATH_162
 01,MATH_182_ 01,MATH_182
 02,MATH_182_ 02,MATH_182
 01,MATH_186_ 01,MATH_186
 02,MATH_186_ 02,MATH_186
 03,MATH_186_ 03,MATH_186
 04,MATH_186_ 04,MATH_186
 05,MATH_186_ 05,MATH_186
 01,MATH_246_ 01,MATH_246
 01,MATH_263_ 01,MATH_263
 02,MATH_263_ 02,MATH_263
 03,MATH_263_ 03,MATH_263
 04,MATH_263_ 04,MATH_263
 02,MATH_264_ 02,MATH_264
 03,MATH_264_ 03,MATH_264
 04,MATH_264_ 04,MATH_264
 01,MATH_272_ 01,MATH_272
 02,MATH_272_ 02,MATH_272
 01,MATH_282_ 01,MATH_282
 01,MATH_286_ 01,MATH_286
 01,MATH_290_ 01,MATH_290
 01,MATH_300_ 01,MATH_300
 01,MATH_306_ 01,MATH_306
 02,MATH_306_ 02,MATH_306
 01,MATH_312_ 01,MATH_312
 01,MATH_328_ 01,MATH_328
 01,MATH_335_ 01,MATH_335
 02,MATH_335_ 02,MATH_335
 01,MATH_336_ 01,MATH_336
 01,MATH_356_ 01,MATH_356
 02,MATH_356_ 02,MATH_356
 01,MATH_378_ 01,MATH_378
 01,MATH_379_ 01,MATH_379
 01,MATH_384_ 01,MATH_384
 01,MATH_392_ 01,MATH_392
 01,MATH_400_ 01,MATH_400
 01,MATH_496_ 01,MATH_496
 01,ME_210_ 01,ME_210
 02,ME_210_ 02,ME_210
 01,ME_240_ 01,ME_240
 02,ME_240_ 02,ME_240
 01,ME_331_ 01,ME_331
 02,ME_331_ 02,ME_331
 01,ME_331L_ 01,ME_331L
 02,ME_331L_ 02,ME_331L
 03,ME_331L_ 03,ME_331L
 04,ME_331L_ 04,ME_331L
 05,ME_331L_ 05,ME_331L
 06,ME_331L_ 06,ME_331L
 01,ME_352_ 01,ME_352
 02,ME_352_ 02,ME_352
 03,ME_352_ 03,ME_352
 01,ME_362_ 01,ME_362
 02,ME_362_ 02,ME_362
 03,ME_362_ 03,ME_362
 01,ME_372_ 01,ME_372
 01,ME_391_ 01,ME_391
 01,ME_475_ 01,ME_475
 02,ME_475_ 02,ME_475
 03,ME_475_ 03,ME_475
 04,ME_475_ 04,ME_475
 05,ME_475_ 05,ME_475
 01,ME_477_ 01,ME_477
 01,ME_496_ 01,ME_496
 01,ME_498_ 01,ME_498
 02,ME_498_ 02,ME_498
 03,ME_498_ 03,ME_498
 04,ME_498_ 04,ME_498
 05,ME_498_ 05,ME_498
 06,ME_498_ 06,ME_498
 01,MS_102_ 01,MS_102
 02,MS_102_ 02,MS_102
 01,MS_202_ 01,MS_202
 02,MS_202_ 02,MS_202
 01,MS_302_ 01,MS_302
 01,MS_402_ 01,MS_402
 01,MUS_101_ 01,MUS_101
 01,MUS_121_ 01,MUS_121
 01,MUS_130_ 01,MUS_130
01,MUS_140_01,MUS_140
02,MUS_140_02,MUS_140
03,MUS_140_03,MUS_140
04,MUS_140_04,MUS_140
05,MUS_140_05,MUS_140
06,MUS_140_06,MUS_140
07,MUS_140_07,MUS_140
08,MUS_140_08,MUS_140
09,MUS_140_09,MUS_140
10,MUS_140_10,MUS_140
11,MUS_140_11,MUS_140
12,MUS_140_12,MUS_140
13,MUS_140_13,MUS_140
14,MUS_140_14,MUS_140
15,MUS_140_15,MUS_140
16,MUS_140_16,MUS_140
17,MUS_140_17,MUS_140
18,MUS_140_18,MUS_140
19,MUS_140_19,MUS_140
20,MUS_140_20,MUS_140
21,MUS_140_21,MUS_140
22,MUS_140_22,MUS_140
23,MUS_140_23,MUS_140
24,MUS_140_24,MUS_140
25,MUS_140_25,MUS_140
01,MUS_141_01,MUS_141
02,MUS_141_02,MUS_141
03,MUS_141_03,MUS_141
04,MUS_141_04,MUS_141
05,MUS_141_05,MUS_141
06,MUS_141_06,MUS_141
07,MUS_141_07,MUS_141
08,MUS_141_08,MUS_141
09,MUS_141_09,MUS_141
10,MUS_141_10,MUS_141
11,MUS_141_11,MUS_141
12,MUS_141_12,MUS_141
13,MUS_141_13,MUS_141
14,MUS_141_14,MUS_141
15,MUS_141_15,MUS_141
16,MUS_141_16,MUS_141
17,MUS_141_17,MUS_141
18,MUS_141_18,MUS_141
19,MUS_141_19,MUS_141
20,MUS_141_20,MUS_141
21,MUS_141_21,MUS_141
22,MUS_141_22,MUS_141
23,MUS_141_23,MUS_141
24,MUS_141_24,MUS_141
25,MUS_141_25,MUS_141
 01,MUS_150_ 01,MUS_150
 01,MUS_151_ 01,MUS_151
 01,MUS_153_ 01,MUS_153
 01,MUS_154_ 01,MUS_154
 01,MUS_155_ 01,MUS_155
 01,MUS_158_ 01,MUS_158
 01,MUS_160_ 01,MUS_160
 01,MUS_161_ 01,MUS_161
 01,MUS_224_ 01,MUS_224
 01,MUS_226_ 01,MUS_226
 01,MUS_260_ 01,MUS_260
 01,MUS_323_ 01,MUS_323
 01,MUS_325_ 01,MUS_325
 01,MUS_360_ 01,MUS_360
 01,MUS_362_ 01,MUS_362
 01,MUS_392_ 01,MUS_392
 01,MUS_492_ 01,MUS_492
 01,MUS_496_ 01,MUS_496
 01,NEUR_201_ 01,NEUR_201
 01,NEUR_275_ 01,NEUR_275
 01,NEUR_401_ 01,NEUR_401
 02,NEUR_401_ 02,NEUR_401
 01,NEUR_492_ 01,NEUR_492
 01,NEUR_496_ 01,NEUR_496
 01,PHIL_101_ 01,PHIL_101
 02,PHIL_101_ 02,PHIL_101
 03,PHIL_101_ 03,PHIL_101
 01,PHIL_102_ 01,PHIL_102
 02,PHIL_102_ 02,PHIL_102
 01,PHIL_155_ 01,PHIL_155
 01,PHIL_216_ 01,PHIL_216
 01,PHIL_220_ 01,PHIL_220
 01,PHIL_240_ 01,PHIL_240
 01,PHIL_245_ 01,PHIL_245
 01,PHIL_250_ 01,PHIL_250
 01,PHIL_345_ 01,PHIL_345
 01,PHIL_360_ 01,PHIL_360
 01,PHIL_361_ 01,PHIL_361
 01,PHIL_391_ 01,PHIL_391
 01,PHIL_496_ 01,PHIL_496
 01,PHYS_106_ 01,PHYS_106
 01,PHYS_106L_ 01,PHYS_106L
01,PHYS_112_01,PHYS_112
 01,PHYS_112L_ 01,PHYS_112L
 02,PHYS_112L_ 02,PHYS_112L
 03,PHYS_112L_ 03,PHYS_112L
 01,PHYS_131_ 01,PHYS_131
 02,PHYS_131_ 02,PHYS_131
 03,PHYS_131_ 03,PHYS_131
 04,PHYS_131_ 04,PHYS_131
 01,PHYS_131L_ 01,PHYS_131L
 02,PHYS_131L_ 02,PHYS_131L
 03,PHYS_131L_ 03,PHYS_131L
 04,PHYS_131L_ 04,PHYS_131L
 05,PHYS_131L_ 05,PHYS_131L
 06,PHYS_131L_ 06,PHYS_131L
 07,PHYS_131L_ 07,PHYS_131L
 08,PHYS_131L_ 08,PHYS_131L
 09,PHYS_131L_ 09,PHYS_131L
 01,PHYS_151_ 01,PHYS_151
 01,PHYS_151L_ 01,PHYS_151L
 01,PHYS_215_ 01,PHYS_215
 01,PHYS_215L_ 01,PHYS_215L
 01,PHYS_218_ 01,PHYS_218
 01,PHYS_218L_ 01,PHYS_218L
 01,PHYS_220_ 01,PHYS_220
 01,PHYS_306_ 01,PHYS_306
 01,PHYS_327_ 01,PHYS_327
 01,PHYS_391_ 01,PHYS_391
 01,PHYS_424_ 01,PHYS_424
 01,PHYS_451_ 01,PHYS_451
 01,PHYS_496_ 01,PHYS_496
 01,PSTD_215_ 01,PSTD_215
 01,PSTD_255_ 01,PSTD_255
 01,PSTD_300_ 01,PSTD_300
 01,PSTD_339_ 01,PSTD_339
 01,PSTD_390_ 01,PSTD_390
 01,PSTD_400_ 01,PSTD_400
 01,PSTD_496_ 01,PSTD_496
 01,PSYC_110_ 01,PSYC_110
 02,PSYC_110_ 02,PSYC_110
 01,PSYC_110L_ 01,PSYC_110L
 02,PSYC_110L_ 02,PSYC_110L
 03,PSYC_110L_ 03,PSYC_110L
 04,PSYC_110L_ 04,PSYC_110L
 05,PSYC_110L_ 05,PSYC_110L
 06,PSYC_110L_ 06,PSYC_110L
 07,PSYC_110L_ 07,PSYC_110L
 08,PSYC_110L_ 08,PSYC_110L
 01,PSYC_120_ 01,PSYC_120
 02,PSYC_120_ 02,PSYC_120
 03,PSYC_120_ 03,PSYC_120
 04,PSYC_120_ 04,PSYC_120
 01,PSYC_203_ 01,PSYC_203
 02,PSYC_203_ 02,PSYC_203
 03,PSYC_203_ 03,PSYC_203
01,PSYC_211_01,PSYC_211
 01,PSYC_230_ 01,PSYC_230
 01,PSYC_232_ 01,PSYC_232
 01,PSYC_236_ 01,PSYC_236
 01,PSYC_240_ 01,PSYC_240
 01,PSYC_242_ 01,PSYC_242
 01,PSYC_248_ 01,PSYC_248
 01,PSYC_256_ 01,PSYC_256
 01,PSYC_270_ 01,PSYC_270
 01,PSYC_322_ 01,PSYC_322
 01,PSYC_322L_ 01,PSYC_322L
 01,PSYC_323_ 01,PSYC_323
 01,PSYC_323L_ 01,PSYC_323L
 01,PSYC_327_ 01,PSYC_327
 01,PSYC_327L_ 01,PSYC_327L
 01,PSYC_337_ 01,PSYC_337
 01,PSYC_339_ 01,PSYC_339
 01,PSYC_343_ 01,PSYC_343
 01,PSYC_372_ 01,PSYC_372
 01,PSYC_392_ 01,PSYC_392
 01,PSYC_492_ 01,PSYC_492
 01,PSYC_496_ 01,PSYC_496
 01,REL_101_ 01,REL_101
 02,REL_101_ 02,REL_101
 01,REL_102_ 01,REL_102
 01,REL_207_ 01,REL_207
 01,REL_211_ 01,REL_211
 01,REL_213_ 01,REL_213
 01,REL_214_ 01,REL_214
 01,REL_215_ 01,REL_215
 01,REL_224_ 01,REL_224
 01,REL_228_ 01,REL_228
 01,REL_250_ 01,REL_250
 01,REL_301_ 01,REL_301
 01,REL_350_ 01,REL_350
 01,REL_391_ 01,REL_391
 01,REL_490_ 01,REL_490
 01,REL_496_ 01,REL_496
 01,RUSS_102_ 01,RUSS_102
 01,RUSS_112_ 01,RUSS_112
 01,RUSS_291_ 01,RUSS_291
 01,RUSS_316_ 01,RUSS_316
 01,REES_162_ 01,REES_162
 01,REES_163_ 01,REES_163
 01,REES_241_ 01,REES_241
01,REES_270_01,REES_270
 01,REES_460_ 01,REES_460
 01,SPAN_101_ 01,SPAN_101
 01,SPAN_102_ 01,SPAN_102
 02,SPAN_102_ 02,SPAN_102
 01,SPAN_103_ 01,SPAN_103
 02,SPAN_103_ 02,SPAN_103
 01,SPAN_111_ 01,SPAN_111
 02,SPAN_111_ 02,SPAN_111
 01,SPAN_112_ 01,SPAN_112
 02,SPAN_112_ 02,SPAN_112
 03,SPAN_112_ 03,SPAN_112
 01,SPAN_211_ 01,SPAN_211
 02,SPAN_211_ 02,SPAN_211
 01,SPAN_311_ 01,SPAN_311
01,SPAN_314_01,SPAN_314
 01,SPAN_370_ 01,SPAN_370
 01,SPAN_425_ 01,SPAN_425
01,SPAN_428_01,SPAN_428
 01,SPAN_460_ 01,SPAN_460
 01,SPAN_496_ 01,SPAN_496
 01,THTR_107_ 01,THTR_107
 01,THTR_120_ 01,THTR_120
 02,THTR_120_ 02,THTR_120
 01,THTR_121_ 01,THTR_121
 01,THTR_230_ 01,THTR_230
 01,THTR_265_ 01,THTR_265
 01,THTR_280_ 01,THTR_280
 01,THTR_369_ 01,THTR_369
 01,THTR_375_ 01,THTR_375
 01,THTR_391_ 01,THTR_391
 01,THTR_400_ 01,THTR_400
 01,THTR_496_ 01,THTR_496
 01,WGS_101_ 01,WGS_101
 02,WGS_101_ 02,WGS_101
 01,WGS_262_ 01,WGS_262
 01,WGS_340_ 01,WGS_340
 01,WGS_381_ 01,WGS_381
 01,WGS_391_ 01,WGS_391
 01,WGS_496_ 01,WGS_496
